<?xml version="1.0" encoding="UTF-8"?>
<!--
  ~ Copyright (c) 2016, WSO2 Inc. (http://www.wso2.org) All Rights Reserved.
  ~
  ~ WSO2 Inc. licenses this file to you under the Apache License,
  ~ Version 2.0 (the "License"); you may not use this file except
  ~ in compliance with the License.
  ~ You may obtain a copy of the License at
  ~
  ~    http://www.apache.org/licenses/LICENSE-2.0
  ~
  ~ Unless required by applicable law or agreed to in writing,
  ~ software distributed under the License is distributed on an
  ~ "AS IS" BASIS, WITHOUT WARRANTIES OR CONDITIONS OF ANY
  ~ KIND, either express or implied.  See the License for the
  ~ specific language governing permissions and limitations
  ~ under the License.
  -->
<template name="callOptions" xmlns="http://ws.apache.org/ns/synapse">
    <sequence>
        <property name="Accept-Encoding" scope="transport" action="remove"/>
        <!--for HTTP method GET-->
        <filter source="$ctx:httpMethod" regex="get">
            <property name="REST_URL_POSTFIX" action="remove" scope="axis2"/>
            <call>
                <endpoint>
                    <http method="get"
                          uri-template="{uri.var.callEndpointUri}">
                        <timeout>
                            <duration>{$ctx:timeout}</duration>
                            <responseAction>fault</responseAction>
                        </timeout>
                        <suspendOnFailure>
                            <errorCodes>-1</errorCodes>
                            <progressionFactor>1.0</progressionFactor>
                        </suspendOnFailure>
                        <markForSuspension>
                            <errorCodes>-1</errorCodes>
                        </markForSuspension>
                    </http>
                </endpoint>
            </call>
        </filter>
        <!--for HTTP method POST-->
        <filter source="$ctx:httpMethod" regex="post">
            <call>
                <endpoint>
                    <http method="post"
                          uri-template="{uri.var.callEndpointUri}">
                        <timeout>
                            <duration>{$ctx:timeout}</duration>
                            <responseAction>fault</responseAction>
                        </timeout>
                        <suspendOnFailure>
                            <errorCodes>-1</errorCodes>
                            <progressionFactor>1.0</progressionFactor>
                        </suspendOnFailure>
                        <markForSuspension>
                            <errorCodes>-1</errorCodes>
                        </markForSuspension>
                    </http>
                </endpoint>
            </call>
        </filter>
        <!--for HTTP method DELETE-->
        <filter source="$ctx:httpMethod" regex="delete">
            <call>
                <endpoint>
                    <http method="delete"
                          uri-template="{uri.var.callEndpointUri}">
                        <timeout>
                            <duration>{$ctx:timeout}</duration>
                            <responseAction>fault</responseAction>
                        </timeout>
                        <suspendOnFailure>
                            <errorCodes>-1</errorCodes>
                            <progressionFactor>1.0</progressionFactor>
                        </suspendOnFailure>
                        <markForSuspension>
                            <errorCodes>-1</errorCodes>
                        </markForSuspension>
                    </http>
                </endpoint>
            </call>
        </filter>
        <!--for HTTP method PATCH-->
        <filter source="$ctx:httpMethod" regex="patch">
            <call>
                <endpoint>
                    <http method="patch"
                          uri-template="{uri.var.callEndpointUri}">
                        <timeout>
                            <duration>{$ctx:timeout}</duration>
                            <responseAction>fault</responseAction>
                        </timeout>
                        <suspendOnFailure>
                            <errorCodes>-1</errorCodes>
                            <progressionFactor>1.0</progressionFactor>
                        </suspendOnFailure>
                        <markForSuspension>
                            <errorCodes>-1</errorCodes>
                        </markForSuspension>
                    </http>
                </endpoint>
            </call>
        </filter>
    </sequence>
</template>