<?xml version="1.0" encoding="UTF-8"?>
<!--
 ~  Copyright (c) 2016, WSO2 Inc. (http://www.wso2.org) All Rights Reserved.
 ~
 ~  WSO2 Inc. licenses this file to you under the Apache License,
 ~  Version 2.0 (the "License"); you may not use this file except
 ~  in compliance with the License.
 ~  You may obtain a copy of the License at
 ~
 ~    http://www.apache.org/licenses/LICENSE-2.0
 ~
 ~  Unless required by applicable law or agreed to in writing,
 ~  software distributed under the License is distributed on an
 ~  "AS IS" BASIS, WITHOUT WARRANTIES OR CONDITIONS OF ANY
 ~  KIND, either express or implied.  See the License for the
 ~  specific language governing permissions and limitations
 ~  under the License.
-->
<template name="init" xmlns="http://ws.apache.org/ns/synapse">
    <parameter name="apiUrl" description="API Url to access the endpoint."/>
    <parameter name="tokenEndpointHostname" description="Instance url for OAuth 2.0 token endpoint when issuing authentication requests in your application."/>
    <parameter name="accessToken" description="Access token of the organizational account."/>
    <parameter name="apiVersion" description="Version of salesforce API."/>
    <parameter name="refreshToken" description="value of the refresh token."/>
    <parameter name="clientSecret"
               description="Value of your Consumer Secret given when you registered your application with salesforce."/>
    <parameter name="clientId"
               description="Value of your Consumer Key given when you registered your application with salesforce."/>
    <parameter name="timeout" description="Timeout duration of the API request."/>
    <sequence>
        <property name="uri.var.apiUrl" expression="$func:apiUrl"/>
        <property name="uri.var.tokenEndpointHostname" expression="$func:tokenEndpointHostname"/>
        <property name="uri.var.accessToken" expression="$func:accessToken"/>
        <property name="uri.var.apiVersion" expression="$func:apiVersion"/>
        <property name="uri.var.refreshToken" expression="$func:refreshToken"/>
        <property name="uri.var.clientSecret" expression="$func:clientSecret"/>
        <property name="uri.var.clientId" expression="$func:clientId"/>
        <property name="uri.var.accessTokenRegistryPath" value="connectors/salesforcebulk/accessToken"/>
        <!-- Append the common URL's string with API URL. -->
        <property name="uri.var.apiUrl"
                  expression="fn:concat(get-property('uri.var.apiUrl'),'/services/async/',get-property('uri.var.apiVersion'))"/>
        <filter source="boolean($ctx:uri.var.tokenEndpointHostname)" regex="false">
            <then>
                <property name="uri.var.tokenEndpointHostname" value="https://login.salesforce.com"/>
            </then>
        </filter>
        <property name="uri.var.tokenEndpointUrl"
                  expression="fn:concat(get-property('uri.var.tokenEndpointHostname'),'/services/oauth2/token')"/>
        <property name="timeout" expression="$func:timeout"/>
        <script language="js">
            <![CDATA[
                var timeout = mc.getProperty("uri.var.timeout");
                if (timeout == null || timeout == "") {
                    timeout = 3000;
                }
                mc.setProperty("timeout", timeout.toString());
            ]]>
        </script>
        <header name="X-SFDC-Session" expression="get-property('uri.var.accessToken')" scope="transport"/>
    </sequence>
</template>