{
  "connectorName": "salesforcebulk",
  "operationName": "addBatch",
  "title": "Add Batch",
  "help": "<h1>Add Batch</h1> <b>The addBatch operation adds a new batch to a job based on the properties that you specify.</b><br><br><ul><li><a href=\"https://ei.docs.wso2.com/en/latest/micro-integrator/references/connectors/salesforcebulk-connector/sf-bulk-connector-config/\"> More Help </a></li></ul>",
  "elements": [
    {
      "type": "attributeGroup",
      "value": {
        "groupName": "General",
        "elements": [
          {
            "type": "attribute",
            "value": {
              "name": "configRef",
              "displayName": "Connection",
              "inputType": "connection",
              "allowedConnectionTypes": [
                "init"
              ],
              "defaultValue": "",
              "required": "true",
              "helpTip": "Connection to be used"
            }
          },
          {
            "type": "attributeGroup",
            "value": {
              "groupName": "Basic",
              "elements": [
                {
                  "type": "attribute",
                  "value": {
                    "name": "objects",
                    "displayName": "Objects",
                    "inputType": "stringOrExpression",
                    "defaultValue": "",
                    "required": "true",
                    "helpTip": "The group of records to be processed."
                  }
                },
                {
                  "type": "attribute",
                  "value": {
                    "name": "jobId",
                    "displayName": "Job ID",
                    "inputType": "stringOrExpression",
                    "defaultValue": "",
                    "required": "true",
                    "helpTip": "The unique identifier of the Job."
                  }
                },
                {
                  "type": "attribute",
                  "value": {
                    "name": "isQuery",
                    "displayName": "is Query",
                    "inputType": "booleanOrExpression",
                    "defaultValue": "",
                    "required": "true",
                    "helpTip": "Set true if the operation is query."
                  }
                },
                {
                  "type": "attribute",
                  "value": {
                    "name": "contentType",
                    "displayName": "Content Type",
                    "inputType": "stringOrExpression",
                    "defaultValue": "",
                    "required": "true",
                    "helpTip": "The content type to add batch. Content type must be compatible with the job content type. The accepted content types are application/xml and text/csv."
                  }
                }
              ]
            }
          }
        ]
      }
    }
  ]
}
