{
  "connectorName": "salesforcebulk",
  "operationName": "createJobToUploadBatchFile",
  "title": "Create Job To Upload Batch File",
  "help": "<h1>Create Job To Upload Batch File</h1> <b>Creates a job for batches that contain attachment records.</b><br><br><ul><li><a href=\"https://ei.docs.wso2.com/en/latest/micro-integrator/references/connectors/salesforcebulk-connector/sf-bulk-connector-config/\"> More Help </a></li></ul>",
  "elements": [
    {
      "type": "attributeGroup",
      "value": {
        "groupName": "General",
        "elements": [
          {
            "type": "attribute",
            "value": {
              "name": "configRef",
              "displayName": "Connection",
              "inputType": "connection",
              "allowedConnectionTypes": [
                "init"
              ],
              "defaultValue": "",
              "required": "true",
              "helpTip": "Connection to be used"
            }
          },
          {
            "type": "attributeGroup",
            "value": {
              "groupName": "Basic",
              "elements": [
              ]
            }
          }
        ]
      }
    }
  ]
}
