{
  "connectorName": "salesforcebulk",
  "operationName": "getBulkQueryResults",
  "title": "Get Bulk Query Results",
  "help": "<h1>Get Bulk Query Results</h1> <b>Retrieves the bulk query results.</b><br><br><ul><li><a href=\"https://ei.docs.wso2.com/en/latest/micro-integrator/references/connectors/salesforcebulk-connector/sf-bulk-connector-config/\"> More Help </a></li></ul>",
  "elements": [
    {
      "type": "attributeGroup",
      "value": {
        "groupName": "General",
        "elements": [
          {
            "type": "attribute",
            "value": {
              "name": "configRef",
              "displayName": "Connection",
              "inputType": "connection",
              "allowedConnectionTypes": [
                "init"
              ],
              "defaultValue": "",
              "required": "true",
              "helpTip": "Connection to be used"
            }
          },
          {
            "type": "attributeGroup",
            "value": {
              "groupName": "Basic",
              "elements": [
                {
                  "type": "attribute",
                  "value": {
                    "name": "batchId",
                    "displayName": "Batch ID",
                    "inputType": "stringOrExpression",
                    "defaultValue": "",
                    "required": "true",
                    "helpTip": "ID of the batch."
                  }
                },
                {
                  "type": "attribute",
                  "value": {
                    "name": "jobId",
                    "displayName": "Job ID",
                    "inputType": "stringOrExpression",
                    "defaultValue": "",
                    "required": "true",
                    "helpTip": "The unique identifier of the Job."
                  }
                },
                {
                  "type": "attribute",
                  "value": {
                    "name": "resultId",
                    "displayName": "Result ID",
                    "inputType": "stringOrExpression",
                    "defaultValue": "",
                    "required": "true",
                    "helpTip": "The result ID in the response to the batch result list request."
                  }
                }
              ]
            }
          }
        ]
      }
    }
  ]
}
