<?xml version="1.0" encoding="UTF-8"?>
<!--
 ~  Copyright (c) 2016, WSO2 Inc. (http://www.wso2.org) All Rights Reserved.
 ~
 ~  WSO2 Inc. licenses this file to you under the Apache License,
 ~  Version 2.0 (the "License"); you may not use this file except
 ~  in compliance with the License.
 ~  You may obtain a copy of the License at
 ~
 ~    http://www.apache.org/licenses/LICENSE-2.0
 ~
 ~  Unless required by applicable law or agreed to in writing,
 ~  software distributed under the License is distributed on an
 ~  "AS IS" BASIS, WITHOUT WARRANTIES OR CONDITIONS OF ANY
 ~  KIND, either express or implied.  See the License for the
 ~  specific language governing permissions and limitations
 ~  under the License.
-->
<!-- Method Documentation URL: https://developer.salesforce.com/docs/atlas.en-us.api_asynch.meta/api_asynch/asynch_api_quickstart_close_job.htm -->
<template name="updateJob" xmlns="http://ws.apache.org/ns/synapse">
    <parameter name="jobId" description="ID of the job."/>
    <parameter name="state" description="The state of processing for the job."/>
    <sequence>
        <property name="uri.var.state" expression="$func:state"/>
        <payloadFactory media-type="xml">
            <format>
                <jobInfo xmlns="http://www.force.com/2009/06/asyncapi/dataload"/>
            </format>
        </payloadFactory>
        <script language="js">
            <![CDATA[
          payload = mc.getPayloadXML();
           var state=mc.getProperty('uri.var.state');
           if (state != null && state != "") {
              payload.jobInfo+=<state xmlns="http://www.force.com/2009/06/asyncapi/dataload">{state}</state>;
           } 
           mc.setPayloadXML(payload);
        ]]>
        </script>
        <!-- Set custom Headers to the API Response. -->
        <property name="messageType" value="text/csv; charset=UTF-8" scope="axis2"/>
        <property name="uri.var.callEndpointUri" expression="fn:concat($ctx:uri.var.apiUrl,'/job/',$func:jobId)"/>
        <property name="httpMethod" value="post"/>
        <salesforcebulk.callWithRetry/>
    </sequence>
</template>