<?xml version="1.0" encoding="UTF-8"?>
<!--
 ~  Copyright (c) 2016, WSO2 Inc. (http://www.wso2.org) All Rights Reserved.
 ~
 ~  WSO2 Inc. licenses this file to you under the Apache License,
 ~  Version 2.0 (the "License"); you may not use this file except
 ~  in compliance with the License.
 ~  You may obtain a copy of the License at
 ~
 ~    http://www.apache.org/licenses/LICENSE-2.0
 ~
 ~  Unless required by applicable law or agreed to in writing,
 ~  software distributed under the License is distributed on an
 ~  "AS IS" BASIS, WITHOUT WARRANTIES OR CONDITIONS OF ANY
 ~  KIND, either express or implied.  See the License for the
 ~  specific language governing permissions and limitations
 ~  under the License.
-->
<!-- Method Documentation URL: https://developer.salesforce.com/docs/atlas.en-us.api_asynch.meta/api_asynch/asynch_api_batches_create.htm -->
<template xmlns="http://ws.apache.org/ns/synapse" name="addBatch">
    <parameter name="objects" description="The group of records to be processed."/>
    <parameter name="jobId" description="The unique identifier of the Job."/>
    <parameter name="isQuery" description="Set true if the operation is query."/>
    <parameter name="contentType"
               description="The content type to add batch. Content type must be compatible with the job content type. The accepted content types are application/xml and text/csv."/>
    <sequence>
        <property name="objects" expression="$func:objects"/>
        <property name="contentType" expression="$func:contentType"/>
        <property name="isQuery" expression="$func:isQuery"/>
        <filter xpath="$ctx:contentType='text/csv' or $ctx:isQuery='true'">
            <then>
                <script language="js">
                    <![CDATA[
                    var objects = new XML(mc.getProperty('objects'));
                    mc.setProperty("objects", objects.values );
                    ]]>
                </script>
                <payloadFactory media-type="xml">
                    <format>
                        <text xmlns="http://ws.apache.org/commons/ns/payload">$1</text>
                    </format>
                    <args>
                        <arg expression="$ctx:objects"/>
                    </args>
                </payloadFactory>
                <property name="messageType" value="text/plain" scope="axis2" type="STRING"/>
                <property name="ContentType" expression="$ctx:contentType" scope="axis2"/>
            </then>
            <else>
                <script language="js">
                    <![CDATA[
                    var objects = new XML(mc.getProperty('objects'));
                    var payload = new XML('<sObjects xmlns="http://www.force.com/2009/06/asyncapi/dataload">'+objects.values.* +'</sObjects>');
			        mc.setPayloadXML(payload);
                    ]]>
                </script>
                <property name="ContentType" expression="$ctx:contentType" scope="axis2"/>
                <property name="messageType" value="application/xml" scope="axis2"/>
            </else>
        </filter>
        <property name="Content-Encoding" action="remove" scope="transport"/>
        <property name="uri.var.callEndpointUri" expression="fn:concat($ctx:uri.var.apiUrl,'/job/',$func:jobId,'/batch')"/>
        <property name="httpMethod" value="post"/>
        <salesforcebulk.callWithRetry/>
    </sequence>
</template>