<?xml version="1.0" encoding="UTF-8"?>
<!--
 ~  Copyright (c) 2016, WSO2 Inc. (http://www.wso2.org) All Rights Reserved.
 ~
 ~  WSO2 Inc. licenses this file to you under the Apache License,
 ~  Version 2.0 (the "License"); you may not use this file except
 ~  in compliance with the License.
 ~  You may obtain a copy of the License at
 ~
 ~    http://www.apache.org/licenses/LICENSE-2.0
 ~
 ~  Unless required by applicable law or agreed to in writing,
 ~  software distributed under the License is distributed on an
 ~  "AS IS" BASIS, WITHOUT WARRANTIES OR CONDITIONS OF ANY
 ~  KIND, either express or implied.  See the License for the
 ~  specific language governing permissions and limitations
 ~  under the License.
-->
<component name="salesforceBulk-batches" type="synapse/template">
    <subComponents>
        <component name="addBatch">
            <file>addBatch.xml</file>
            <description>Add a new batch to a job.</description>
        </component>
        <component name="getBatchStatus">
            <file>getBatchStatus.xml</file>
            <description>Check the status of an individual batch.</description>
        </component>
        <component name="getBatchResults">
            <file>getBatchResults.xml</file>
            <description>Get results of an existing.</description>
        </component>
        <component name="getBatchRequest">
            <file>getBatchRequest.xml</file>
            <description>Get an existing batch request.</description>
        </component>
        <component name="listBatches">
            <file>listBatches.xml</file>
            <description>Get information about all batches in a job.</description>
        </component>
        <component name="getBulkQueryResults">
            <file>getBulkQueryResults.xml</file>
            <description>Get the results of the query.</description>
        </component>
    </subComponents>
</component>